moteur,requete,doc_top1,score_top1,doc_top2,score_top2,doc_top3,score_top3,doc_top4,score_top4,doc_top5,score_top5,doc_top6,score_top6,doc_top7,score_top7,doc_top8,score_top8,doc_top9,score_top9,doc_top10,score_top10,doc_top11,score_top11,doc_top12,score_top12,doc_top13,score_top13,doc_top14,score_top14,doc_top15,score_top15,doc_top16,score_top16,doc_top17,score_top17,doc_top18,score_top18,doc_top19,score_top19,doc_top20,score_top20,trouve_ou_non
tfidf,langue roumain,wiki_066072.txt,6.6587702429080995,wiki_108139.txt,4.64582087171481,wiki_098464.txt,4.368707362438696,wiki_058433.txt,4.085761670282995,wiki_076757.txt,4.042074538277782,wiki_073990.txt,3.6610747883632384,wiki_068615.txt,3.5575807881562826,wiki_076519.txt,3.363278451298458,wiki_093016.txt,2.994563132580197,wiki_105301.txt,2.9831870841978105,wiki_086447.txt,2.883365208734138,wiki_104167.txt,2.796057625486638,wiki_077241.txt,2.7885950503988717,wiki_048280.txt,2.635684213821071,wiki_081978.txt,2.5126014599267004,wiki_054826.txt,2.479884004009172,wiki_038798.txt,2.409606095291705,wiki_064247.txt,2.3666683840043725,wiki_070126.txt,2.3430679108980645,wiki_018813.txt,2.3240360103796243,OUI
tfidf,langue roumanie,wiki_099964.txt,6.411821316952284,wiki_108139.txt,4.651193642182283,wiki_058433.txt,4.090711562925186,wiki_076757.txt,4.046915425597619,wiki_073990.txt,3.6654067632333764,wiki_068615.txt,3.560815761084204,wiki_076519.txt,3.367034229327744,wiki_098464.txt,3.0836594037053926,wiki_093016.txt,2.9977404652704656,wiki_105301.txt,2.986474213633786,wiki_086447.txt,2.8868209211334523,wiki_104167.txt,2.7987292351732136,wiki_077241.txt,2.7916726041649875,wiki_048280.txt,2.638260020201493,wiki_081978.txt,2.515011898921337,wiki_054826.txt,2.4833528739163238,wiki_038798.txt,2.412142373248997,wiki_070126.txt,2.345691551101957,wiki_018813.txt,2.32690862607322,wiki_006792.txt,2.304662864669421,OUI
tfidf,énergie marine,wiki_090261.txt,7.414751181319386,wiki_082743.txt,5.904357360219724,wiki_072045.txt,4.819784230591603,wiki_075387.txt,4.695623908011997,wiki_102194.txt,3.907649301929718,wiki_002699.txt,3.5925935792640873,wiki_078765.txt,3.571247546458191,wiki_094224.txt,3.4857017242087096,wiki_032315.txt,3.383771231327499,wiki_028578.txt,3.3074940694656396,wiki_089998.txt,3.216363320143877,wiki_094484.txt,3.1544646927899502,wiki_105818.txt,2.916797512830035,wiki_099409.txt,2.882662784528821,wiki_107414.txt,2.853321437068631,wiki_059304.txt,2.8373492107734415,wiki_058008.txt,2.7935845410190847,wiki_041921.txt,2.7829660896273687,wiki_021379.txt,2.637207024565874,wiki_089973.txt,2.590749864649781,OUI
tfidf,définition énergie des mers,wiki_090261.txt,9.155768698759898,wiki_082743.txt,5.882007367602516,wiki_094224.txt,4.989298718011083,wiki_075387.txt,4.678978734091934,wiki_044774.txt,4.2633133622795905,wiki_102194.txt,3.8933610396211957,wiki_098098.txt,3.8227145910649796,wiki_002699.txt,3.5770202895609504,wiki_078765.txt,3.5563939069008295,wiki_029196.txt,3.4552148580222255,wiki_032315.txt,3.371567268270838,wiki_028578.txt,3.295678282570681,wiki_089998.txt,3.2051593403131027,wiki_070405.txt,2.9849682240624142,wiki_082738.txt,2.928195622346717,wiki_105818.txt,2.9054178291385635,wiki_107414.txt,2.841752161212377,wiki_058008.txt,2.7838998471123215,wiki_021379.txt,2.6289965047412,wiki_089973.txt,2.581824637148938,OUI
tfidf,où est tianjin,wiki_013117.txt,9.290484550236977,,,,,,,,,,,,,,,,,,,,,,,,,,,,,,,,,,,,,,,OUI
tfidf,tianjin chine,wiki_013117.txt,12.770085639458909,wiki_060088.txt,4.6624931362218245,wiki_013271.txt,4.582459186301765,wiki_062857.txt,4.044349372034444,wiki_070405.txt,3.9834998987103702,wiki_013306.txt,3.925139615822101,wiki_041842.txt,3.9132194528548796,wiki_054732.txt,3.4431991294369637,wiki_118061.txt,3.2094618211490378,wiki_000862.txt,3.0542872344430845,wiki_071169.txt,2.951469164982643,wiki_087190.txt,2.930296640051171,wiki_102194.txt,2.725025619163757,wiki_027494.txt,2.697234729343739,wiki_078360.txt,2.4429000712837214,wiki_021077.txt,1.7079227250086209,wiki_071504.txt,1.7065837667321333,wiki_087155.txt,1.6981772839930582,wiki_006559.txt,1.6761385832205342,wiki_021068.txt,1.6637276182001217,OUI
tfidf,château de gaillard,wiki_090155.txt,13.131641591608334,wiki_068087.txt,4.81406996027101,wiki_062953.txt,4.609150376510607,wiki_025851.txt,4.108083012286875,wiki_070215.txt,3.2782660013206617,wiki_055283.txt,2.792873956981413,wiki_045433.txt,2.6438332738060675,wiki_053173.txt,2.601037939057216,wiki_042958.txt,2.5885646965545264,wiki_004889.txt,2.585358795837056,wiki_022483.txt,2.5507556715869164,wiki_080139.txt,2.5258089256686693,wiki_036201.txt,2.5073644761914693,wiki_069052.txt,2.4957460772740134,wiki_078178.txt,2.494109157197273,wiki_075493.txt,2.323432433900249,wiki_012237.txt,2.312169558128433,wiki_066211.txt,1.8484642703951546,wiki_088505.txt,1.7751983045727617,wiki_047494.txt,1.627889655929014,OUI
tfidf,chateau gaillard,wiki_090155.txt,13.131641591608334,wiki_068087.txt,4.81406996027101,wiki_062953.txt,4.609150376510607,wiki_025851.txt,4.108083012286875,wiki_070215.txt,3.2782660013206617,wiki_055283.txt,2.792873956981413,wiki_045433.txt,2.6438332738060675,wiki_053173.txt,2.601037939057216,wiki_042958.txt,2.5885646965545264,wiki_004889.txt,2.585358795837056,wiki_022483.txt,2.5507556715869164,wiki_080139.txt,2.5258089256686693,wiki_036201.txt,2.5073644761914693,wiki_069052.txt,2.4957460772740134,wiki_078178.txt,2.494109157197273,wiki_075493.txt,2.323432433900249,wiki_012237.txt,2.312169558128433,wiki_066211.txt,1.8484642703951546,wiki_088505.txt,1.7751983045727617,wiki_047494.txt,1.627889655929014,OUI
tfidf,qu'est-ce que la 6e armée,wiki_016480.txt,9.758766961348147,wiki_011198.txt,6.955276547704917,wiki_069878.txt,3.4565647520751126,wiki_013083.txt,3.426929981293406,wiki_044519.txt,3.4047608405922647,wiki_093685.txt,3.310565748929509,wiki_091260.txt,3.1342376783984847,wiki_054206.txt,3.0854917813394556,wiki_039825.txt,2.681116087670282,wiki_107548.txt,2.5948491458300373,wiki_097875.txt,2.5595742909600308,wiki_069538.txt,2.551778589951295,wiki_042486.txt,2.4861669121022216,wiki_033336.txt,2.47619822750585,wiki_047617.txt,2.4388684826225138,wiki_033683.txt,2.3755389472359014,wiki_004967.txt,2.219134832070991,wiki_074411.txt,2.2185341107991876,wiki_107046.txt,2.151103396765479,wiki_110773.txt,2.1007117984500563,OUI
tfidf,6e armee ottomane,wiki_016480.txt,13.560154846546238,wiki_011198.txt,6.9278010266380905,wiki_112022.txt,5.560310808328178,wiki_046669.txt,4.109282725616447,wiki_080341.txt,3.916863934188523,wiki_069878.txt,3.4379534419366693,wiki_013083.txt,3.410616124430011,wiki_044519.txt,3.3894092573880292,wiki_093685.txt,3.2993572714290202,wiki_091260.txt,3.1258522430371936,wiki_054206.txt,3.076544189378914,wiki_039825.txt,2.674504198978863,wiki_107548.txt,2.5861887936846757,wiki_097875.txt,2.5524611957688026,wiki_069538.txt,2.543445180885279,wiki_042486.txt,2.4786193428115366,wiki_033336.txt,2.468497734123871,wiki_047617.txt,2.431862681854226,wiki_047643.txt,2.4143893085703967,wiki_064451.txt,2.412094130512895,OUI
tfidf,course à pied,wiki_042186.txt,7.655033453684117,wiki_019479.txt,6.412306556626238,wiki_024632.txt,4.937697804649529,wiki_046503.txt,4.464678064412734,wiki_116705.txt,4.461565427273656,wiki_061098.txt,3.9484207543171377,wiki_092993.txt,3.756257519320882,wiki_072503.txt,3.635682323011112,wiki_070642.txt,3.608163295293612,wiki_025288.txt,3.1995032036443556,wiki_062858.txt,3.0864903766735017,wiki_052692.txt,3.0077980468133783,wiki_033583.txt,2.6703229188558737,wiki_042706.txt,2.389698633713071,wiki_079616.txt,1.8973021381478292,wiki_006486.txt,1.892033221109899,wiki_080413.txt,1.8805317019133123,wiki_062330.txt,1.865293859322389,wiki_034669.txt,1.85566299995208,wiki_044519.txt,1.840516702430193,OUI
tfidf,trail,wiki_042186.txt,8.901572862305779,wiki_046295.txt,5.702898060177555,wiki_081831.txt,2.8697277989463705,,,,,,,,,,,,,,,,,,,,,,,,,,,,,,,,,,,OUI
tfidf,david guetta,wiki_101989.txt,12.927914412179463,wiki_087117.txt,4.899979467292792,wiki_102668.txt,4.35852609260104,wiki_106371.txt,4.157516477387441,wiki_040507.txt,3.5657644313302623,wiki_047750.txt,3.2588249844043573,wiki_083747.txt,3.0176505187222418,wiki_060455.txt,2.751344717292274,wiki_029224.txt,1.7542508114078186,wiki_115557.txt,1.6909507421391616,wiki_050756.txt,1.6526022047370368,wiki_052333.txt,1.637950508350332,wiki_085885.txt,1.6305110363665012,wiki_067391.txt,1.617484163310295,wiki_092993.txt,1.612721378015889,wiki_078186.txt,1.6099772709052076,wiki_067860.txt,1.6018434702760354,wiki_086752.txt,1.6015880207428719,wiki_073407.txt,1.5576296606361144,wiki_058220.txt,1.5488848514918387,OUI
tfidf,David Guetta DJ,wiki_101989.txt,18.62377684431034,wiki_117506.txt,7.431002356835318,wiki_087117.txt,4.8900878884873356,wiki_102668.txt,4.349236112246059,wiki_106371.txt,4.150311993251489,wiki_040507.txt,3.5588527050521797,wiki_047750.txt,3.2528571651022666,wiki_083747.txt,3.0130242897212636,wiki_096588.txt,2.9746668132875604,wiki_060455.txt,2.747658736416123,wiki_029224.txt,1.749784720714314,wiki_115557.txt,1.6875651726981664,wiki_050756.txt,1.6486991078927624,wiki_052333.txt,1.634408184498796,wiki_085885.txt,1.628168675024495,wiki_067391.txt,1.614614834018595,wiki_092993.txt,1.6095038124620038,wiki_078186.txt,1.6073256678453423,wiki_067860.txt,1.5990953763861875,wiki_086752.txt,1.5984490977353871,OUI
tfidf,cesson france,wiki_044515.txt,8.791851888381185,wiki_046323.txt,1.8339876538315343,wiki_100496.txt,1.740162558661593,wiki_097553.txt,1.7014941607129692,wiki_085389.txt,1.660966967123192,wiki_005913.txt,1.6590097771066405,wiki_004558.txt,1.6484325323485223,wiki_028989.txt,1.6434946109144066,wiki_073033.txt,1.638360008997642,wiki_072503.txt,1.6120335608908252,wiki_052194.txt,1.5633872341383015,wiki_097719.txt,1.5442375853306032,wiki_102261.txt,1.5426173571951027,wiki_072248.txt,1.5259126285742721,wiki_038879.txt,1.5061332748325396,wiki_017344.txt,1.5024821581502208,wiki_080341.txt,1.4959330759423681,wiki_085562.txt,1.493775018339666,wiki_076478.txt,1.4900173603204707,wiki_061551.txt,1.4666054931802908,OUI
tfidf,cesson ville,wiki_044515.txt,7.742603327726114,wiki_010006.txt,2.4652898959245597,wiki_051031.txt,2.4545983384290664,wiki_040446.txt,2.3948262306200516,wiki_105297.txt,2.263185871768512,wiki_002957.txt,2.243915516885448,wiki_057992.txt,2.236716012663834,wiki_108562.txt,2.224056253894915,wiki_096117.txt,2.193916823976152,wiki_023173.txt,2.1377608284864076,wiki_006640.txt,2.128061283697884,wiki_077914.txt,2.1255129034780373,wiki_090178.txt,2.119845947375134,wiki_010527.txt,2.050004451644134,wiki_044483.txt,2.0487205730555513,wiki_103446.txt,2.0407106973308475,wiki_000823.txt,2.0368370172173855,wiki_099108.txt,2.0182150297482404,wiki_059470.txt,1.9782424161589969,wiki_103637.txt,1.9674887944388022,OUI
tfidf,dwight eisenhower,wiki_047750.txt,13.278444057842488,wiki_058559.txt,1.7872639245788422,wiki_059423.txt,0.6149748153579685,,,,,,,,,,,,,,,,,,,,,,,,,,,,,,,,,,,OUI
tfidf,date naissance eisenhower,wiki_047750.txt,7.768300748238514,wiki_040461.txt,3.802124599158061,wiki_092031.txt,3.7811489785931154,wiki_071714.txt,3.081862996310322,wiki_108337.txt,3.078633425149343,wiki_044017.txt,2.7848872470684256,wiki_004075.txt,2.7271658694760026,wiki_104221.txt,2.718846374510744,wiki_102541.txt,2.688571954342865,wiki_001539.txt,2.6157261158108316,wiki_103446.txt,2.5648036078149703,wiki_070048.txt,2.550647771381081,wiki_042929.txt,2.457990452749028,wiki_068615.txt,2.4115761768341413,wiki_093527.txt,2.340518330118654,wiki_041649.txt,2.31457805862977,wiki_057839.txt,2.278083369602657,wiki_002710.txt,2.261533761655634,wiki_067397.txt,2.225994177067651,wiki_111700.txt,2.2203866544018847,OUI
tfidf,pantagruel,wiki_069094.txt,8.940605160822452,,,,,,,,,,,,,,,,,,,,,,,,,,,,,,,,,,,,,,,OUI
tfidf,qui a écrit le pantagruel,wiki_069094.txt,8.926490169809721,wiki_022546.txt,2.360529037114679,wiki_103719.txt,2.3298500182832877,wiki_031841.txt,2.2756640813157087,wiki_051442.txt,2.2203162757657418,wiki_045675.txt,2.0562380796772985,wiki_029224.txt,1.473262448609195,wiki_019590.txt,1.4620656159459076,wiki_022380.txt,1.4594344984293273,wiki_031567.txt,1.45782115358613,wiki_101678.txt,1.4572451982150558,wiki_036292.txt,1.453542114418496,wiki_023219.txt,1.4532232959610982,wiki_025907.txt,1.4517946814565477,wiki_017944.txt,1.451412492419532,wiki_034949.txt,1.4510094109263125,wiki_028777.txt,1.4495155971947264,wiki_008450.txt,1.4492059078478556,wiki_026870.txt,1.4477125642200732,wiki_037238.txt,1.4337315706859224,OUI
tfidf,martin luther king,wiki_031761.txt,14.599645089946485,wiki_070838.txt,8.89770470098263,wiki_045675.txt,8.524363981591241,wiki_076649.txt,6.270999700839627,wiki_051442.txt,4.970426042494876,wiki_049219.txt,4.664428518976646,wiki_053572.txt,4.526263090583917,wiki_055286.txt,4.465745375097542,wiki_049372.txt,4.41033639998336,wiki_010901.txt,3.9305411174972233,wiki_093425.txt,3.618012130038279,wiki_108818.txt,3.612506107128822,wiki_071247.txt,3.539805741923575,wiki_062773.txt,3.4840705885840926,wiki_085562.txt,3.456001305317581,wiki_111700.txt,3.3152432676807058,wiki_007563.txt,3.189405838692267,wiki_019368.txt,3.035705235971115,wiki_115953.txt,2.6449564254976323,wiki_108470.txt,2.601391397736038,OUI
tfidf,qui était martin luther king,wiki_031761.txt,14.594952983274796,wiki_045675.txt,9.258993316752738,wiki_070838.txt,8.895221676900578,wiki_076649.txt,6.269112779141818,wiki_051442.txt,4.968973080656503,wiki_049219.txt,4.663244650398999,wiki_053572.txt,4.525337727529711,wiki_055286.txt,4.464615827779174,wiki_049372.txt,4.408880625394386,wiki_010901.txt,3.9296106960557977,wiki_093425.txt,3.6170514698931515,wiki_108818.txt,3.6116618079377636,wiki_071247.txt,3.539076159648074,wiki_062773.txt,3.4832269944967233,wiki_085562.txt,3.455092666036685,wiki_111700.txt,3.3144483622021097,wiki_116245.txt,3.240733614973608,wiki_007563.txt,3.1887891648040503,wiki_019368.txt,3.0350894879611823,wiki_115953.txt,2.64434988018855,OUI
tfidf,velimir khlebnikov,wiki_106054.txt,18.277767134604396,wiki_064720.txt,-3.8153636843016674,,,,,,,,,,,,,,,,,,,,,,,,,,,,,,,,,,,,,OUI
tfidf,qui est velimir khlebnikov,wiki_106054.txt,18.277767134604396,wiki_064720.txt,-3.8153636843016674,,,,,,,,,,,,,,,,,,,,,,,,,,,,,,,,,,,,,OUI
tfidf,théorie des cordes,wiki_049671.txt,12.131972956289133,wiki_089130.txt,5.197126252916802,wiki_089143.txt,4.7260416043440205,wiki_074202.txt,4.609902706241735,wiki_111364.txt,4.524981747948855,wiki_084607.txt,3.94243046299556,wiki_063894.txt,3.705224551634006,wiki_102754.txt,3.493880783253689,wiki_042244.txt,3.4166330522213197,wiki_039022.txt,3.294429413866748,wiki_029881.txt,2.820246640760845,wiki_044017.txt,2.8082778337372467,wiki_027689.txt,2.756309743263627,wiki_050792.txt,2.7298613782060377,wiki_058008.txt,2.68455331230179,wiki_105108.txt,2.6795674894904122,wiki_074279.txt,2.645367891699932,wiki_096971.txt,2.6366806445045228,wiki_107978.txt,2.3986635099888836,wiki_042483.txt,1.7369819980074461,OUI
tfidf,theorie cordes,wiki_049671.txt,12.131972956289133,wiki_089130.txt,5.197126252916802,wiki_089143.txt,4.7260416043440205,wiki_074202.txt,4.609902706241735,wiki_111364.txt,4.524981747948855,wiki_084607.txt,3.94243046299556,wiki_063894.txt,3.705224551634006,wiki_102754.txt,3.493880783253689,wiki_042244.txt,3.4166330522213197,wiki_039022.txt,3.294429413866748,wiki_029881.txt,2.820246640760845,wiki_044017.txt,2.8082778337372467,wiki_027689.txt,2.756309743263627,wiki_050792.txt,2.7298613782060377,wiki_058008.txt,2.68455331230179,wiki_105108.txt,2.6795674894904122,wiki_074279.txt,2.645367891699932,wiki_096971.txt,2.6366806445045228,wiki_107978.txt,2.3986635099888836,wiki_042483.txt,1.7369819980074461,OUI
tfidf,métro de paris,wiki_008275.txt,8.19590055195943,wiki_089929.txt,7.860346864158871,wiki_013184.txt,6.960062798178035,wiki_089175.txt,6.235352997975564,wiki_008302.txt,5.954325146146701,wiki_110110.txt,5.725171810483156,wiki_113153.txt,4.59087525197055,wiki_103469.txt,3.168815126535391,wiki_093639.txt,3.084725512833681,wiki_090127.txt,2.720543526271117,wiki_033325.txt,2.585133224055465,wiki_073892.txt,2.577186192285822,wiki_003906.txt,2.420768588208607,wiki_064458.txt,2.343575316184505,wiki_111356.txt,2.342775322700103,wiki_059456.txt,2.325657290775085,wiki_047210.txt,2.3083721866798563,wiki_073838.txt,2.2726874239922057,wiki_085562.txt,2.244726220123165,wiki_010527.txt,2.22655933724638,OUI
tfidf,metropolitain,wiki_005913.txt,2.7527351932431485,wiki_101687.txt,2.735791875609571,wiki_063507.txt,2.581519054332802,wiki_102261.txt,2.5378142788133,wiki_013184.txt,2.3901886404984585,,,,,,,,,,,,,,,,,,,,,,,,,,,,,,,OUI
tfidf,empire galactique,wiki_050542.txt,10.16262155748106,wiki_078765.txt,5.608359484726491,wiki_008012.txt,4.579709486888116,wiki_094417.txt,4.541387580583183,wiki_087190.txt,4.254728023720046,wiki_113000.txt,3.8476919472131383,wiki_083254.txt,3.640256119802159,wiki_076456.txt,3.5736948119211376,wiki_089161.txt,3.15251539976048,wiki_074804.txt,2.864690047891524,wiki_097553.txt,2.841238711516343,wiki_049701.txt,2.7266686337780195,wiki_072248.txt,2.5295578576911444,wiki_060854.txt,2.5093353468774406,wiki_046234.txt,2.506662119317336,wiki_062878.txt,2.4455131011355333,wiki_040231.txt,2.3517347791337104,wiki_008741.txt,2.319173640970379,wiki_090573.txt,2.265031742837304,wiki_094883.txt,2.2173886809466152,OUI
tfidf,star wars empire,wiki_050542.txt,16.142549223767563,wiki_106059.txt,14.249098614687403,wiki_003813.txt,13.299628024931705,wiki_068111.txt,8.04249049479749,wiki_048513.txt,6.517867142941626,wiki_087190.txt,4.246801466748306,wiki_113000.txt,3.840944124997089,wiki_101509.txt,3.707381219420728,wiki_083254.txt,3.63453282917689,wiki_076456.txt,3.5681417466375778,wiki_105910.txt,3.226886868003919,wiki_089161.txt,3.147541167644911,wiki_074804.txt,2.859366217654544,wiki_097553.txt,2.8359083279968162,wiki_049701.txt,2.722336777720149,wiki_072248.txt,2.524895610122316,wiki_060854.txt,2.505245914256912,wiki_046234.txt,2.503175481776996,wiki_062878.txt,2.4417773796430176,wiki_040231.txt,2.348157631581795,OUI
tfidf,24 heures chrono,wiki_066284.txt,7.739076433768869,wiki_070642.txt,4.225703514814509,wiki_017074.txt,3.1875296935661424,wiki_046273.txt,1.9692179607939289,wiki_025288.txt,1.9452655540930222,wiki_046503.txt,1.924807470706526,wiki_004259.txt,1.9072497754767188,wiki_065573.txt,1.9046966274582904,wiki_050867.txt,1.8432648521308985,wiki_089129.txt,1.8223814419069353,wiki_050093.txt,1.8197558881542584,wiki_059873.txt,1.8123610840082116,wiki_090850.txt,1.8108082151110416,wiki_080758.txt,1.7999887853582297,wiki_074029.txt,1.7907537438670458,wiki_072503.txt,1.7830090608898554,wiki_007658.txt,1.7811182407140211,wiki_073838.txt,1.7785611412865918,wiki_108845.txt,1.755356515666708,wiki_075286.txt,1.7211653190696172,OUI
tfidf,jack bauer,wiki_066284.txt,9.58154361288422,wiki_017008.txt,4.580823100159846,wiki_107583.txt,4.455543989587666,wiki_106264.txt,4.122118521890162,wiki_003087.txt,2.7126032088334404,wiki_041502.txt,2.12589352492783,wiki_041151.txt,2.07525907330153,wiki_101242.txt,2.01528059235954,wiki_044985.txt,2.009326469623498,wiki_108337.txt,2.007584404768392,wiki_056638.txt,1.9710936748160708,wiki_061183.txt,1.9402661180880334,wiki_005955.txt,1.8808113029235793,wiki_116245.txt,1.859486107805857,wiki_045426.txt,1.8466828042687824,wiki_023151.txt,1.8388091266684168,wiki_001607.txt,1.7943300136312328,wiki_085885.txt,1.1506950753982037,wiki_059208.txt,0.9060862538320035,wiki_061117.txt,0.7072203153151897,OUI
tfidf,duc d'orléans,wiki_002556.txt,11.87924772159579,wiki_008195.txt,6.88163585595241,wiki_057344.txt,5.561516280941868,wiki_056186.txt,4.29746767896192,wiki_086992.txt,4.137755899947486,wiki_047885.txt,3.713135777497188,wiki_007828.txt,3.6937861020364027,wiki_066065.txt,3.672531226907619,wiki_034787.txt,3.618564623887275,wiki_056559.txt,3.5299684635556394,wiki_075493.txt,3.2683161626204544,wiki_038879.txt,2.840833295968687,wiki_091270.txt,2.8028374971520735,wiki_060006.txt,2.0569110217329043,wiki_066389.txt,2.0474950208539995,wiki_056878.txt,2.0201765553494258,wiki_080341.txt,1.964544008565157,wiki_092202.txt,1.9427515620579097,wiki_090155.txt,1.8030496009846169,wiki_056641.txt,1.7968869577106537,OUI
tfidf,qui est philippe d'orléans,wiki_002556.txt,12.235799681450665,wiki_057344.txt,5.564784530515405,wiki_053130.txt,5.06481796014167,wiki_056186.txt,4.30088115269167,wiki_086992.txt,4.1408636693768965,wiki_008195.txt,4.087546023074914,wiki_075493.txt,4.05552792047518,wiki_060006.txt,3.6012708548334675,wiki_056559.txt,3.533104217639881,wiki_064458.txt,2.6146422676871577,wiki_039250.txt,2.452546066191822,wiki_066389.txt,2.0491082041645745,wiki_047885.txt,2.0100925355600396,wiki_080341.txt,1.9660744996640689,wiki_092202.txt,1.944142806373515,wiki_099573.txt,1.9328822624198592,wiki_046234.txt,1.7464298535119458,wiki_080754.txt,1.6693812096384384,wiki_048397.txt,1.6620772931056707,wiki_077430.txt,1.6219873463946297,OUI
tfidf,université wurtzbourg,wiki_067132.txt,13.621187497853636,wiki_070598.txt,4.445089632774615,wiki_079457.txt,4.379020137426924,wiki_055895.txt,4.1827815482617074,wiki_049628.txt,3.8463491444149533,wiki_091937.txt,3.8353476150454795,wiki_048107.txt,3.790256604782229,wiki_109864.txt,3.6859844199144742,wiki_067276.txt,3.510246859565898,wiki_043389.txt,3.4854674396467344,wiki_019828.txt,3.4410254831445126,wiki_048256.txt,3.0407556243836784,wiki_093051.txt,2.98433887548427,wiki_022086.txt,2.8429035492683528,wiki_054545.txt,2.6803795738107703,wiki_057686.txt,2.519281054743335,wiki_009519.txt,2.503027864109157,wiki_022821.txt,2.4839270598695427,wiki_010712.txt,2.4766326977483657,wiki_044869.txt,2.470214926951449,OUI
tfidf,wurtzbourg allemagne,wiki_067132.txt,11.459563783307166,wiki_083053.txt,3.803853525770757,wiki_084483.txt,3.364940355104598,wiki_042658.txt,3.2768361800439,wiki_020574.txt,2.7737869338504377,wiki_050155.txt,2.753759301751974,wiki_000823.txt,2.725469330908704,wiki_054545.txt,2.6812806740288164,wiki_043615.txt,2.5950899511103414,wiki_061355.txt,2.5893458840196955,wiki_101238.txt,2.5762282573225614,wiki_067276.txt,2.545307404954796,wiki_046273.txt,2.273313350771126,wiki_002957.txt,2.2128493944534844,wiki_009839.txt,2.2008756974823944,wiki_010186.txt,2.166366701855102,wiki_055916.txt,2.1115665181741634,wiki_051568.txt,2.1064292146682564,wiki_071428.txt,2.0780298323729642,wiki_075773.txt,2.051694438569725,OUI
tfidf,bernard laporte,wiki_076478.txt,11.789884204390638,wiki_070141.txt,5.021555898533077,wiki_091260.txt,3.997856652696877,wiki_099573.txt,3.382404031847776,wiki_071998.txt,2.815034838037708,wiki_090573.txt,2.5377111994997708,wiki_063183.txt,2.372243761565226,wiki_098851.txt,1.7939973227338324,wiki_092528.txt,1.7912633576801695,wiki_047154.txt,1.7797481233293522,wiki_043996.txt,1.7403729981377176,wiki_009203.txt,1.704410027875713,wiki_094629.txt,1.6975204880475092,wiki_058800.txt,1.6596199835020373,wiki_063538.txt,1.648469445088021,wiki_029155.txt,1.6019970094121108,wiki_060543.txt,1.5695705626761605,wiki_027801.txt,1.5318144635070647,wiki_053322.txt,1.5117316922278352,wiki_057344.txt,1.509860661268778,OUI
tfidf,qui est Bernard Laporte ?,wiki_076478.txt,11.789884204390638,wiki_070141.txt,5.021555898533077,wiki_091260.txt,3.997856652696877,wiki_099573.txt,3.382404031847776,wiki_071998.txt,2.815034838037708,wiki_090573.txt,2.5377111994997708,wiki_063183.txt,2.372243761565226,wiki_098851.txt,1.7939973227338324,wiki_092528.txt,1.7912633576801695,wiki_047154.txt,1.7797481233293522,wiki_043996.txt,1.7403729981377176,wiki_009203.txt,1.704410027875713,wiki_094629.txt,1.6975204880475092,wiki_058800.txt,1.6596199835020373,wiki_063538.txt,1.648469445088021,wiki_029155.txt,1.6019970094121108,wiki_060543.txt,1.5695705626761605,wiki_027801.txt,1.5318144635070647,wiki_053322.txt,1.5117316922278352,wiki_057344.txt,1.509860661268778,OUI
tfidf,Tintin,wiki_068110.txt,6.751930327703753,wiki_005897.txt,6.085708050728382,wiki_005770.txt,5.4563869926697555,wiki_005800.txt,5.1852218064457665,wiki_005839.txt,4.206444383733707,,,,,,,,,,,,,,,,,,,,,,,,,,,,,,,OUI
tfidf,Hergé,wiki_005897.txt,4.3179917765744715,wiki_005839.txt,4.206444383733707,wiki_005800.txt,4.183404304629051,wiki_005770.txt,2.5999976375496527,wiki_068110.txt,2.587503728496651,,,,,,,,,,,,,,,,,,,,,,,,,,,,,,,OUI
tfidf,Marcel Aymé,wiki_046422.txt,13.266857892723966,wiki_109670.txt,5.4940262544416205,wiki_088179.txt,4.484934466015573,wiki_047262.txt,4.17064407188052,wiki_072013.txt,3.977832294212764,wiki_080608.txt,3.175678542915507,wiki_049262.txt,2.1110504897839415,wiki_042698.txt,1.9355224345046453,wiki_088137.txt,1.9323646254039808,wiki_065241.txt,1.931892759091188,wiki_079494.txt,1.9130069163668957,wiki_070642.txt,1.8523843019649462,wiki_063183.txt,1.5807182361232688,wiki_108542.txt,1.4536437183292574,wiki_047808.txt,1.2498862568260665,wiki_060156.txt,1.214190123374182,wiki_044519.txt,1.1706051480464317,wiki_057983.txt,0.7347742021823143,wiki_078238.txt,0.47100609775821095,wiki_098390.txt,-0.7650604671295012,OUI
tfidf,qui est marcel aymé,wiki_046422.txt,13.266857892723966,wiki_109670.txt,5.4940262544416205,wiki_088179.txt,4.484934466015573,wiki_047262.txt,4.17064407188052,wiki_072013.txt,3.977832294212764,wiki_080608.txt,3.175678542915507,wiki_049262.txt,2.1110504897839415,wiki_042698.txt,1.9355224345046453,wiki_088137.txt,1.9323646254039808,wiki_065241.txt,1.931892759091188,wiki_079494.txt,1.9130069163668957,wiki_070642.txt,1.8523843019649462,wiki_063183.txt,1.5807182361232688,wiki_108542.txt,1.4536437183292574,wiki_047808.txt,1.2498862568260665,wiki_060156.txt,1.214190123374182,wiki_044519.txt,1.1706051480464317,wiki_057983.txt,0.7347742021823143,wiki_078238.txt,0.47100609775821095,wiki_098390.txt,-0.7650604671295012,OUI
tfidf,vote à la proportionnelle,wiki_002357.txt,9.667636510750688,wiki_062813.txt,5.2276940643174425,wiki_048162.txt,5.063106712689995,wiki_028434.txt,3.097170034038404,wiki_047874.txt,2.9698294526158215,wiki_090127.txt,2.832191136070176,wiki_046443.txt,1.9407915449289805,wiki_109864.txt,1.9350630928005321,wiki_019807.txt,1.9005163416485717,wiki_027606.txt,1.8847958506991545,wiki_067410.txt,1.840422494642899,wiki_067008.txt,1.8375124422644853,wiki_006522.txt,1.8157212060443928,wiki_012349.txt,1.7677684800799116,wiki_015670.txt,1.7585464673375395,wiki_086532.txt,1.7378208798129589,wiki_011368.txt,1.57056119752917,wiki_059255.txt,1.4268755466869074,wiki_059679.txt,1.4233759630144627,wiki_057839.txt,1.203061630199818,OUI
tfidf,qu'est-ce que le système de représentation proportionnelle,wiki_002357.txt,12.184494950371633,wiki_089143.txt,4.545912727782353,wiki_102541.txt,3.5419183036099597,wiki_021678.txt,3.3682685247799364,wiki_069006.txt,3.2211683016923236,wiki_017074.txt,3.1210910496025646,wiki_108363.txt,3.0343083069029047,wiki_093694.txt,3.021834416556791,wiki_057958.txt,2.940671373497933,wiki_042433.txt,2.835965004120086,wiki_090127.txt,2.8288328027913243,wiki_005020.txt,2.7831243959570005,wiki_054628.txt,2.7602129016196657,wiki_048344.txt,2.622575708057694,wiki_106254.txt,2.609590159759414,wiki_034551.txt,2.5999736035808634,wiki_062206.txt,2.5223585060741036,wiki_024186.txt,2.475023930243438,wiki_042652.txt,2.446536077792932,wiki_064260.txt,2.203399033543336,OUI
tfidf,georges haussmann,wiki_047210.txt,12.198157471384887,wiki_074260.txt,4.682156063477646,wiki_055488.txt,4.361819053128273,wiki_052926.txt,4.274140828672389,wiki_109720.txt,4.089615654849201,wiki_063538.txt,3.3509360714167626,wiki_101396.txt,2.809965757597233,wiki_077264.txt,2.7896259070141443,wiki_015670.txt,2.579719552949581,wiki_071983.txt,2.4571802936340346,wiki_089161.txt,2.4204553553468346,wiki_080437.txt,2.003187774644024,wiki_060156.txt,1.76502883332993,wiki_085334.txt,1.7287902523572356,wiki_108337.txt,1.7222999012825948,wiki_025942.txt,1.7095790693364696,wiki_093639.txt,1.6821661221128703,wiki_040560.txt,1.6748345050474003,wiki_042377.txt,1.6714154810123771,wiki_081920.txt,1.6459254097429676,OUI
tfidf,baron haussmann,wiki_047210.txt,12.151540131193489,wiki_071983.txt,4.355503318008794,wiki_101396.txt,2.8059501211301616,wiki_091270.txt,2.6478831848268727,wiki_060519.txt,2.4858379734644385,wiki_089161.txt,2.417759454524025,wiki_077430.txt,2.155493442394068,wiki_097562.txt,2.1147808325393496,wiki_070215.txt,2.0828937928860776,wiki_080719.txt,2.080110352198331,wiki_076838.txt,2.074817441400246,wiki_111693.txt,2.056604239839403,wiki_022483.txt,2.0087220041825535,wiki_012237.txt,1.8202058358468307,wiki_022124.txt,0.44152135895065764,wiki_016375.txt,0.07696233737961831,wiki_118018.txt,-0.743836517906744,wiki_059173.txt,-1.5984295952523095,wiki_096663.txt,-7.873364807410028,,,OUI
tfidf,médecin,wiki_080266.txt,5.847412697095064,wiki_037858.txt,4.04812358721986,wiki_049631.txt,3.6882407288123624,wiki_088900.txt,3.1745764728612045,wiki_099811.txt,3.0781860253742472,wiki_025197.txt,3.0262072015143273,wiki_068792.txt,2.7675259452990746,wiki_057686.txt,1.9411763302540046,wiki_060156.txt,1.934267459709721,wiki_013083.txt,1.8701206898119032,wiki_076838.txt,1.8471808090777457,wiki_020038.txt,1.847140839122345,wiki_006792.txt,1.8160974668302337,wiki_090450.txt,1.8001832345895687,wiki_088531.txt,1.7886733616806858,wiki_088179.txt,1.767905268115366,wiki_069094.txt,1.7626903613092544,wiki_074279.txt,1.7468441833105661,wiki_084644.txt,1.7458818260366784,wiki_028578.txt,1.699610049945546,OUI
tfidf,docteur en médecine,wiki_062457.txt,4.981869025221475,wiki_049631.txt,4.769761174347002,wiki_006792.txt,4.636111310692077,wiki_055089.txt,4.305785471803726,wiki_048796.txt,4.073645382125282,wiki_057686.txt,3.9452546447394425,wiki_071998.txt,2.8961647815791296,wiki_099647.txt,2.8288992822929426,wiki_057452.txt,2.0700969530680404,wiki_043389.txt,2.0101864021773763,wiki_024233.txt,1.9914522348370503,wiki_106264.txt,1.952961201352165,wiki_093639.txt,1.9481748219316493,wiki_099573.txt,1.9468078790309957,wiki_095136.txt,1.9238836271334925,wiki_068850.txt,1.9194897961683808,wiki_032970.txt,1.89910578862445,wiki_017120.txt,1.8950969180777355,wiki_082333.txt,1.893706726849178,wiki_106025.txt,1.8564155506729725,OUI
tfidf,istres france,wiki_055201.txt,9.961656601221055,wiki_046323.txt,1.8339876538315343,wiki_100496.txt,1.740162558661593,wiki_097553.txt,1.7014941607129692,wiki_085389.txt,1.660966967123192,wiki_005913.txt,1.6590097771066405,wiki_004558.txt,1.6484325323485223,wiki_028989.txt,1.6434946109144066,wiki_073033.txt,1.638360008997642,wiki_072503.txt,1.6120335608908252,wiki_052194.txt,1.5633872341383015,wiki_097719.txt,1.5442375853306032,wiki_102261.txt,1.5426173571951027,wiki_072248.txt,1.5259126285742721,wiki_038879.txt,1.5061332748325396,wiki_017344.txt,1.5024821581502208,wiki_080341.txt,1.4959330759423681,wiki_085562.txt,1.493775018339666,wiki_076478.txt,1.4900173603204707,wiki_061551.txt,1.4666054931802908,OUI
tfidf,Istres,wiki_055201.txt,8.931597654400834,,,,,,,,,,,,,,,,,,,,,,,,,,,,,,,,,,,,,,,OUI
tfidf,accident navette spatiale,wiki_048831.txt,17.152519380447597,wiki_051958.txt,7.9563902351047835,wiki_062670.txt,6.6592574444192945,wiki_041991.txt,4.980047791026825,wiki_116379.txt,4.927746954372451,wiki_012966.txt,4.592832907446537,wiki_009254.txt,4.57687151695967,wiki_081898.txt,4.3576782197860116,wiki_061080.txt,4.235769902145643,wiki_066478.txt,4.118638881603579,wiki_042652.txt,4.106109210209284,wiki_048052.txt,3.8955849413093766,wiki_011069.txt,3.376880879544361,wiki_090850.txt,3.1455682314882263,wiki_083747.txt,2.937255325090609,wiki_059965.txt,2.802638365666173,wiki_042706.txt,2.6010748163518733,wiki_003389.txt,2.031740545847882,wiki_045124.txt,1.9919247959788104,wiki_093639.txt,1.979261686046348,OUI
tfidf,navette columbia,wiki_048831.txt,13.841839363872182,wiki_045816.txt,6.5473904546030335,wiki_072009.txt,5.042336629883694,wiki_062670.txt,2.6559091068819756,wiki_047389.txt,2.5385742260027784,wiki_081898.txt,2.5361073685839406,wiki_098931.txt,2.5192096858006088,wiki_039765.txt,2.3696508104165597,wiki_051958.txt,2.358260979514194,,,,,,,,,,,,,,,,,,,,,,,OUI
tfidf,mycologie,wiki_068792.txt,4.764441841378023,,,,,,,,,,,,,,,,,,,,,,,,,,,,,,,,,,,,,,,OUI
tfidf,quels sont les champignons comestibles ?,wiki_068792.txt,7.9402174685331435,wiki_045087.txt,5.012711094946797,wiki_024589.txt,4.5530380635670875,wiki_009731.txt,3.7599308690626794,wiki_088049.txt,2.7273302279875837,wiki_046021.txt,2.68501461936974,wiki_099811.txt,2.626254440398469,wiki_054539.txt,2.390959041550064,wiki_080633.txt,2.177208208912338,wiki_068688.txt,2.118575531263725,wiki_106037.txt,2.062107256903517,wiki_107407.txt,2.0339853649282826,wiki_057136.txt,2.0318416582708125,wiki_019828.txt,1.7085406151613438,,,,,,,,,,,,,OUI
tfidf,conjonction de coordination,wiki_076532.txt,13.07663869094022,wiki_085306.txt,4.4678213598693555,wiki_072126.txt,3.0122460167580907,wiki_056980.txt,2.4513725682601786,wiki_046615.txt,2.3657919852289937,wiki_021553.txt,2.2746371342132825,wiki_068610.txt,2.081207889587358,wiki_102776.txt,2.051787461426976,wiki_065701.txt,1.9837024026317853,,,,,,,,,,,,,,,,,,,,,,,OUI
tfidf,conjonction de coordination en français,wiki_076532.txt,13.745705265664295,wiki_085306.txt,4.4669371007357315,wiki_072126.txt,3.01139823850556,wiki_056980.txt,2.450885674054094,wiki_046615.txt,2.3653262186505275,wiki_021553.txt,2.274181545573624,wiki_068610.txt,2.080852418655998,wiki_102776.txt,2.051402582572595,wiki_065701.txt,1.983358860045886,wiki_086447.txt,1.8201424022496906,wiki_055050.txt,1.7853168394086723,wiki_108337.txt,1.7133055141601627,wiki_075536.txt,1.6761179216250592,wiki_108350.txt,1.675702663950262,wiki_099880.txt,1.6599188661049067,wiki_088470.txt,1.6377760031558513,wiki_058217.txt,1.637504755477049,wiki_082305.txt,1.616990901495879,wiki_107364.txt,1.5835400597434617,wiki_054206.txt,1.5569792030227667,OUI
tfidf,elizabeth reine,wiki_091455.txt,5.811677209789449,wiki_117162.txt,3.8005328809457812,wiki_041649.txt,3.725735669295828,wiki_038879.txt,3.712948981314658,wiki_005927.txt,3.649699314578689,wiki_040461.txt,3.2629550633444984,wiki_085334.txt,3.2404850873870763,wiki_098931.txt,3.1618223110622177,wiki_010006.txt,3.1386422706428987,wiki_089051.txt,2.899244512429133,wiki_058397.txt,2.5059146804828267,wiki_073158.txt,2.2624557217984886,wiki_064741.txt,2.184387821606736,wiki_059304.txt,2.1773957342332317,wiki_100581.txt,2.1142666408673345,wiki_042870.txt,2.113045358535122,wiki_072009.txt,2.099003354980397,wiki_047750.txt,2.0766191549438773,wiki_055867.txt,1.9256145298024847,wiki_048107.txt,1.9080250402800845,OUI
tfidf,Elizabeth Ière,wiki_091455.txt,5.841221775509932,wiki_117162.txt,3.8168714196086047,wiki_005927.txt,3.6672755480797044,wiki_073158.txt,2.274974556869342,wiki_064741.txt,2.1948441520146793,wiki_059304.txt,2.1874549170456783,wiki_100581.txt,2.1242428274623,wiki_042870.txt,2.1226418287078226,wiki_072009.txt,2.107787550050833,wiki_047750.txt,2.08643936468788,wiki_105457.txt,1.716689846970164,wiki_078205.txt,1.6322664060173622,wiki_058397.txt,1.034225908829729,,,,,,,,,,,,,,,OUI
tfidf,sébastien loeb,wiki_106675.txt,12.633258152206642,wiki_008089.txt,6.4075364699047075,wiki_112022.txt,3.0983890713256397,wiki_027186.txt,2.143531126127653,wiki_046323.txt,2.1268131259994965,wiki_079137.txt,2.0771337523682774,wiki_058845.txt,2.0386759597954476,wiki_069094.txt,1.9799838595080796,wiki_045349.txt,1.9730479979021347,wiki_070642.txt,1.9580887053536484,wiki_089327.txt,1.791978299468943,wiki_028030.txt,1.7781699139289375,wiki_081835.txt,1.6613475638232187,wiki_096588.txt,1.3953409888118777,wiki_099573.txt,1.223107681702922,wiki_060561.txt,0.4401840653867121,wiki_016375.txt,0.07629208099142673,,,,,,,OUI
tfidf,Sébastien Loeb nombre titres,wiki_106675.txt,12.614078755532365,wiki_008089.txt,6.398337182045651,wiki_044727.txt,3.8419964124869272,wiki_046323.txt,3.624351885438714,wiki_097719.txt,3.474863716162087,wiki_108396.txt,3.44239101534466,wiki_016633.txt,3.3383267800479635,wiki_081497.txt,3.2516013604423994,wiki_041003.txt,3.1995735285615443,wiki_080608.txt,3.1636739113948913,wiki_112022.txt,3.0950954665383903,wiki_069006.txt,2.9816382044081653,wiki_031738.txt,2.6430968910540633,wiki_022380.txt,2.6214129920828797,wiki_031567.txt,2.6184888596200975,wiki_101678.txt,2.617523581523004,wiki_036292.txt,2.6108768991796616,wiki_023219.txt,2.6103425722346745,wiki_025907.txt,2.6077280404088845,wiki_017944.txt,2.60708750691461,OUI
tfidf,péplum,wiki_050756.txt,7.778873841902956,wiki_114949.txt,2.8116640494626477,,,,,,,,,,,,,,,,,,,,,,,,,,,,,,,,,,,,,OUI
tfidf,péplum films,wiki_050756.txt,9.501215402801908,wiki_055156.txt,3.8655101840783685,wiki_062549.txt,3.841930651909405,wiki_042377.txt,3.619284203936053,wiki_054861.txt,3.616920967275111,wiki_047126.txt,3.5860318725925566,wiki_068111.txt,3.5823574581126643,wiki_076568.txt,3.517626450348459,wiki_109393.txt,2.8580353250814494,wiki_114949.txt,2.803941987436681,wiki_068480.txt,2.780055057684365,wiki_028030.txt,1.8472504759147952,wiki_080413.txt,1.7937236867666082,wiki_097599.txt,1.7555077358149922,wiki_052301.txt,1.752363379946356,wiki_048528.txt,1.7442206916366907,wiki_106264.txt,1.7388755834814804,wiki_042971.txt,1.7378390621902426,wiki_095006.txt,1.7251576582624542,wiki_071606.txt,1.7109508500225137,OUI
tfidf,Tibet,wiki_070405.txt,8.538935380474172,wiki_072449.txt,6.965983042856526,wiki_075603.txt,5.687710407365329,wiki_095136.txt,5.098962641217926,wiki_082507.txt,4.126354036977789,wiki_062857.txt,2.272178742702228,wiki_102415.txt,1.4036671888037897,,,,,,,,,,,,,,,,,,,,,,,,,,,OUI
tfidf,tibet pays,wiki_070405.txt,8.530082227614427,wiki_072449.txt,7.684993848395389,wiki_075603.txt,5.682345803105359,wiki_095136.txt,5.094737917743705,wiki_082507.txt,4.122344215251575,wiki_062857.txt,2.9986807082649403,wiki_102415.txt,2.6582915011708668,wiki_051124.txt,2.3363462652260663,wiki_046822.txt,2.211117754125187,wiki_060088.txt,2.0969612733991414,wiki_072868.txt,1.9925419471163874,wiki_006486.txt,1.9559082018717728,wiki_087648.txt,1.9487149233852405,wiki_058523.txt,1.9059905319140371,wiki_058528.txt,1.857760328015711,wiki_064510.txt,1.8517313149809016,wiki_036304.txt,1.8469681628561636,wiki_049701.txt,1.841964588887134,wiki_077914.txt,1.8250459689699965,wiki_077241.txt,1.811909698764118,OUI
tfidf,Laura Palmer,wiki_005955.txt,10.235824442824729,wiki_034949.txt,2.82083847368639,wiki_099573.txt,2.6686766359096925,wiki_085885.txt,1.5665827388670597,wiki_038013.txt,-1.0150794514105037,,,,,,,,,,,,,,,,,,,,,,,,,,,,,,,OUI
tfidf,Twin Peaks,wiki_005955.txt,15.226343963647139,wiki_023440.txt,2.461399212371079,,,,,,,,,,,,,,,,,,,,,,,,,,,,,,,,,,,,,OUI
tfidf,arnaud tournant,wiki_056712.txt,12.172285086937391,wiki_067619.txt,3.260107767327593,wiki_046481.txt,2.5969728876266593,wiki_091744.txt,2.1088091560523305,wiki_042929.txt,2.0773036058616157,wiki_097599.txt,2.0733638124889713,wiki_049000.txt,2.0690978549756656,wiki_033202.txt,2.0598263830392995,wiki_062134.txt,2.03000645483018,wiki_029536.txt,2.018070411268948,wiki_088179.txt,1.9657906977826223,wiki_022563.txt,1.9630454851224848,wiki_074029.txt,1.9593975147513898,wiki_002862.txt,1.957923687521874,wiki_005800.txt,1.9480703901182277,wiki_071998.txt,1.9395833452567923,wiki_001942.txt,1.9392487924143982,wiki_043498.txt,1.8907015752734035,wiki_106371.txt,1.860626761619248,wiki_096588.txt,1.692345580531984,OUI
tfidf,quand est né Arnaud Tournant ?,wiki_056712.txt,12.933950778988146,wiki_067619.txt,3.599013371465747,wiki_097599.txt,3.3224272910817674,wiki_029536.txt,2.869450303014702,wiki_009987.txt,2.7025774439002106,wiki_046481.txt,2.59368680323253,wiki_091744.txt,2.479626479886252,wiki_088531.txt,2.383507295006315,wiki_001942.txt,2.2816482228029495,wiki_106371.txt,2.1891541747856462,wiki_034333.txt,2.139852048366471,wiki_062562.txt,2.0888224259931474,wiki_042929.txt,2.075188501393223,wiki_049000.txt,2.066995020714169,wiki_033202.txt,2.057810989120861,wiki_085334.txt,2.052615862395485,wiki_062134.txt,2.028206000288524,wiki_020038.txt,2.0024251245714795,wiki_076997.txt,1.9901240236815796,wiki_088179.txt,1.9641763624102049,OUI
tfidf,rugby à xv,wiki_044205.txt,11.379515166132261,wiki_018576.txt,10.659040402644889,wiki_044184.txt,8.803280962282487,wiki_043914.txt,8.065293650604625,wiki_043892.txt,7.7895137783087005,wiki_002710.txt,7.547418727509674,wiki_076478.txt,6.839775954599037,wiki_043996.txt,6.688485437483699,wiki_087913.txt,6.6568319952111885,wiki_085562.txt,6.30664183924805,wiki_074325.txt,6.120895068009251,wiki_048735.txt,6.071176825973742,wiki_097719.txt,5.163723935230384,wiki_047102.txt,4.102395881630065,wiki_065701.txt,2.7107696908670853,wiki_060978.txt,1.9826487123476106,wiki_064741.txt,1.9791507060632252,wiki_042870.txt,1.9146044190449838,wiki_009203.txt,1.8935674871452373,wiki_080580.txt,1.8510843876729983,OUI
tfidf,coupe du monde rugby,wiki_044205.txt,12.507202478092179,wiki_074325.txt,8.537537351783694,wiki_097719.txt,8.161300866096706,wiki_085562.txt,8.131901810701779,wiki_043914.txt,7.7618289418947555,wiki_020177.txt,7.318274712682926,wiki_076478.txt,7.2811627192173125,wiki_060978.txt,6.952712238052701,wiki_048735.txt,6.739408029711287,wiki_018576.txt,6.664881753220757,wiki_043996.txt,6.394931085578381,wiki_109610.txt,6.148057142712149,wiki_044184.txt,5.82603288883028,wiki_043892.txt,5.781121251019534,wiki_002710.txt,5.601247755189101,wiki_030473.txt,5.592109013304252,wiki_040237.txt,4.296979945816091,wiki_029368.txt,3.9439972643682073,wiki_101446.txt,3.3992489619935924,wiki_087913.txt,3.3786065666936387,OUI
tfidf,traité de rome,wiki_116932.txt,8.137054025419964,wiki_078514.txt,4.272919168569439,wiki_061098.txt,3.9839374407247288,wiki_049512.txt,3.804355029329534,wiki_045016.txt,3.6742916665439,wiki_117863.txt,3.5267770879233535,wiki_064345.txt,3.3929450791715885,wiki_002837.txt,3.2742319068969232,wiki_015502.txt,3.0234868723100377,wiki_066743.txt,2.7514154117636735,wiki_061979.txt,2.712464750278337,wiki_056391.txt,2.6098526326351843,wiki_045675.txt,2.56085961639896,wiki_046990.txt,2.503226227062301,wiki_065701.txt,2.489263172530192,wiki_058984.txt,2.450048281098106,wiki_059562.txt,2.422691632734146,wiki_084607.txt,2.3600393556437815,wiki_075018.txt,2.351838154875913,wiki_090450.txt,2.289465216046486,OUI
tfidf,date traité de Rome,wiki_116932.txt,8.11680570192073,wiki_046990.txt,4.376318069230864,wiki_078514.txt,4.264908468765592,wiki_061098.txt,3.973161120339326,wiki_049512.txt,3.795707978526911,wiki_045016.txt,3.665579118190241,wiki_056391.txt,3.6544930967735865,wiki_117863.txt,3.5178119269811363,wiki_097553.txt,3.4957570216139144,wiki_057839.txt,3.4880539143815326,wiki_064345.txt,3.38627559167213,wiki_048280.txt,3.3021765943334107,wiki_002837.txt,3.2660856201976887,wiki_078360.txt,3.1519614046137368,wiki_015502.txt,3.0156526187288355,wiki_006792.txt,2.893170840830274,wiki_106433.txt,2.8576039663851827,wiki_089247.txt,2.824904418712461,wiki_039656.txt,2.7687040177172,wiki_051292.txt,2.7493728851611743,OUI
tfidf,royaume de naples,wiki_099338.txt,11.497405851527862,wiki_038879.txt,5.2257726236413475,wiki_049512.txt,4.215837541158662,wiki_058845.txt,4.2023561060049435,wiki_042486.txt,3.9852732467474663,wiki_097553.txt,3.8631920673363793,wiki_076095.txt,3.749425123706898,wiki_045290.txt,3.313290926721754,wiki_087190.txt,3.3027226704064496,wiki_090573.txt,3.2650496334442,wiki_116632.txt,2.8740068967273924,wiki_045394.txt,2.6438477522626918,wiki_038707.txt,2.552109675465214,wiki_080098.txt,2.4644658911691124,wiki_066349.txt,2.4361399850785777,wiki_043139.txt,2.4062080585565786,wiki_070788.txt,2.382913260535883,wiki_099964.txt,2.3201048300414593,wiki_051584.txt,2.297324614738607,wiki_078360.txt,2.214547233168037,OUI
tfidf,histoire Roi de Naples,wiki_099338.txt,10.156519681917132,wiki_058845.txt,6.2393314446620805,wiki_038879.txt,6.025840357540176,wiki_049512.txt,5.422169072031443,wiki_053130.txt,3.93909231741721,wiki_069538.txt,3.3012063250927026,wiki_116632.txt,3.0991291160911145,wiki_049372.txt,3.032396763888355,wiki_056641.txt,2.973289390204517,wiki_072185.txt,2.9459372069132903,wiki_111144.txt,2.907981657440833,wiki_018129.txt,2.8791990094670807,wiki_011649.txt,2.868480444659021,wiki_087117.txt,2.8343026468222896,wiki_109009.txt,2.8132953175736275,wiki_007181.txt,2.8091267441421626,wiki_061767.txt,2.637629228972764,wiki_096565.txt,2.5726476303376185,wiki_038707.txt,2.5501072444482893,wiki_059228.txt,2.4283290428598603,OUI
tfidf,Pierre Savignol,wiki_095665.txt,9.920276284815124,wiki_030979.txt,3.575089497870822,wiki_051568.txt,3.4175519936111374,wiki_083118.txt,3.276700148350021,wiki_044285.txt,3.261817389228988,wiki_111361.txt,3.107506273277293,wiki_080612.txt,3.0560346382052486,wiki_076946.txt,2.9174155187794204,wiki_047885.txt,2.8725458184007557,wiki_047102.txt,2.8417860128766033,wiki_094664.txt,2.794222387779763,wiki_045354.txt,2.4555096813419803,wiki_048535.txt,2.439863033157253,wiki_071504.txt,2.4297926102802827,wiki_066219.txt,2.4261450783166647,wiki_106184.txt,2.405811612114022,wiki_077976.txt,2.3953312777914,wiki_062517.txt,2.3938356416186504,wiki_073033.txt,2.3128597833532583,wiki_117520.txt,2.297671056073138,OUI
tfidf,opéra savignol,wiki_095665.txt,13.527978422523352,wiki_056096.txt,4.901503403085026,wiki_066065.txt,4.079520877992206,wiki_111356.txt,4.024588164302937,wiki_053322.txt,3.57926122121563,wiki_059562.txt,2.418723789607713,wiki_077029.txt,1.9913450696017438,wiki_042824.txt,1.9699134260165831,wiki_047675.txt,1.9260721887039205,wiki_047251.txt,1.9035670316208804,wiki_042387.txt,1.8906332819805607,wiki_094417.txt,1.8544603122763426,wiki_099880.txt,1.7767548247665015,wiki_058984.txt,1.0616768952161848,wiki_059208.txt,0.90531858697143,wiki_058559.txt,0.611475155391102,wiki_060710.txt,0.5265822643964562,wiki_059423.txt,0.43144051917305754,wiki_060561.txt,0.41584517069549914,wiki_061426.txt,0.3282027847445856,OUI
tfidf,brest france,wiki_047494.txt,7.933172423373041,wiki_057163.txt,7.8148180295190075,wiki_020542.txt,5.371838454319258,wiki_054099.txt,4.201311139070874,wiki_047808.txt,3.0957495628200133,wiki_020213.txt,2.998064243567428,wiki_115935.txt,2.766145776894955,wiki_108542.txt,2.6437872090710415,wiki_104422.txt,2.3810108375045616,wiki_053929.txt,2.1430248672844794,wiki_060297.txt,2.0617482078961933,wiki_064258.txt,1.9747000204366598,wiki_046323.txt,1.8381577081929743,wiki_104435.txt,1.7492054620994488,wiki_100496.txt,1.7440649858927608,wiki_097553.txt,1.7054043555068654,wiki_005913.txt,1.6644086714513529,wiki_085389.txt,1.6643284236499378,wiki_004558.txt,1.6516975632471382,wiki_028989.txt,1.6470706896619076,OUI
tfidf,Brest Bretagne,wiki_047494.txt,9.943032753750286,wiki_057163.txt,9.931522555732531,wiki_020542.txt,6.127543421640757,wiki_115935.txt,4.575852980764684,wiki_054099.txt,4.190978634727884,wiki_093934.txt,4.118091394504594,wiki_047808.txt,3.8039369241086782,wiki_041568.txt,3.5720780795267544,wiki_004009.txt,3.388600111768233,wiki_020213.txt,3.360103639527385,wiki_064258.txt,3.292142480073391,wiki_050093.txt,2.8848534038474805,wiki_045290.txt,2.8696302824899873,wiki_072449.txt,2.728032713282518,wiki_021679.txt,2.6688083905073574,wiki_108542.txt,2.61233543555937,wiki_046834.txt,2.5504521433778202,wiki_109989.txt,2.5439521164078753,wiki_057686.txt,2.5162174926612964,wiki_042956.txt,2.4978187896807675,OUI
tfidf,24 heures du mans,wiki_070642.txt,10.203750886247064,wiki_072503.txt,3.9424572237469566,wiki_066284.txt,3.357321229358504,wiki_017074.txt,3.1929865955933905,wiki_081109.txt,2.223330244706382,wiki_064258.txt,2.1155979141419348,wiki_040206.txt,2.0530854093898054,wiki_046273.txt,1.973329197746307,wiki_025288.txt,1.9487040097940074,wiki_046503.txt,1.928872504538384,wiki_004259.txt,1.910873152643469,wiki_065573.txt,1.9083041436278136,wiki_046234.txt,1.9002356287726916,wiki_050867.txt,1.8464675264136883,wiki_089129.txt,1.8253863105056525,wiki_050093.txt,1.8227336898273747,wiki_059873.txt,1.8153322598859076,wiki_090850.txt,1.8135390600561514,wiki_080758.txt,1.8025622686207938,wiki_074029.txt,1.7937943533901817,OUI
tfidf, date des 24 heures,wiki_066284.txt,4.363632388815897,wiki_070642.txt,4.2449683354763685,wiki_046990.txt,3.450645666881497,wiki_017074.txt,3.2044030475578924,wiki_040461.txt,2.3309641257638996,wiki_002710.txt,2.272067778897763,wiki_067397.txt,2.236412208511235,wiki_111700.txt,2.230962798348015,wiki_013271.txt,2.2004769153526382,wiki_049427.txt,2.1262186999071235,wiki_048280.txt,2.0469600342879057,wiki_086532.txt,2.0154323843045443,wiki_046273.txt,1.9819303672280288,wiki_025288.txt,1.9558976453304995,wiki_046503.txt,1.9373770119024079,wiki_004259.txt,1.9184536646568642,wiki_065573.txt,1.9158514726534912,wiki_050867.txt,1.8531678807401617,wiki_089129.txt,1.8316728331233576,wiki_050093.txt,1.8289635853965442,OUI
tfidf,mayotte,wiki_055790.txt,9.03168944258375,wiki_042504.txt,5.743005792604287,,,,,,,,,,,,,,,,,,,,,,,,,,,,,,,,,,,,,OUI
tfidf,Ile de Mayotte,wiki_055790.txt,10.260017645083785,wiki_042504.txt,6.899164991736767,wiki_044160.txt,3.6764563501781766,wiki_003447.txt,3.6735188708621034,wiki_094672.txt,3.5581002634185515,wiki_082086.txt,3.428234811532002,wiki_021012.txt,3.40051500912505,wiki_042698.txt,3.231101324245812,wiki_005897.txt,3.206154271313616,wiki_101977.txt,3.158580831344152,wiki_024781.txt,2.9605466594819814,wiki_073107.txt,2.9570526003360214,wiki_117243.txt,2.942905482755232,wiki_038916.txt,2.893884888157843,wiki_101396.txt,2.7503566132728903,wiki_013332.txt,2.7286155026565533,wiki_042414.txt,2.7162208286537313,wiki_083055.txt,2.569776680741462,wiki_052848.txt,2.5643967729831867,wiki_108396.txt,2.540862043308966,OUI
tfidf,apollo 9,wiki_043087.txt,6.467876836257885,wiki_061551.txt,5.384697418267208,wiki_081898.txt,4.054971714177219,wiki_062670.txt,2.5091343648959947,wiki_057983.txt,0.9499633501731939,wiki_060710.txt,0.6836735576684437,,,,,,,,,,,,,,,,,,,,,,,,,,,,,OUI
tfidf,mission apollo NASA,wiki_043087.txt,12.407449831527147,wiki_062670.txt,7.773173322732056,wiki_081898.txt,6.074313808820779,wiki_048052.txt,5.46516809875162,wiki_061551.txt,5.343450594270775,wiki_066478.txt,5.086837439811126,wiki_012966.txt,4.988660555574708,wiki_041991.txt,4.946641346071685,wiki_048831.txt,4.6647382398016966,wiki_051958.txt,3.9880156325035627,wiki_061080.txt,3.5317985467394304,wiki_116379.txt,3.5120509188756843,wiki_008302.txt,3.4178743002002228,wiki_090850.txt,3.387500798214241,wiki_006903.txt,3.2548137674595177,wiki_063538.txt,2.6830468459191197,wiki_107364.txt,2.671187949103011,wiki_065701.txt,2.347456474238883,wiki_051031.txt,2.257992776280898,wiki_015483.txt,2.035767763848267,OUI
tfidf,supergirl,wiki_019665.txt,8.138339949897276,,,,,,,,,,,,,,,,,,,,,,,,,,,,,,,,,,,,,,,OUI
tfidf,série supergirl,wiki_019665.txt,9.18909873237042,wiki_114986.txt,3.3652062122521196,wiki_026884.txt,3.3470090411893567,wiki_040239.txt,3.2784854484754296,wiki_032034.txt,3.2719057604288713,wiki_034516.txt,3.205146340865585,wiki_069060.txt,3.1932271749742247,wiki_048513.txt,3.050271037771311,wiki_015867.txt,2.9663703409069027,wiki_092859.txt,2.9323252798429187,wiki_022546.txt,2.8533231317772394,wiki_105088.txt,2.8333006979576676,wiki_100286.txt,2.807029563089308,wiki_019254.txt,2.7782969540771094,wiki_088619.txt,2.641663693644586,wiki_106328.txt,2.6019526053604984,wiki_053572.txt,2.5997185505449742,wiki_047548.txt,2.5914372659574805,wiki_079137.txt,2.5834598456491737,wiki_011310.txt,2.5553919529766587,OUI
tfidf,vladimir nabokov,wiki_007873.txt,14.627466487509425,wiki_048069.txt,3.458707809372342,wiki_106054.txt,2.2708622822224376,wiki_006306.txt,2.2251346338871794,wiki_031841.txt,2.1627043852647696,wiki_073612.txt,2.1463720630427465,wiki_066284.txt,1.6637733447317602,wiki_057452.txt,1.3924841824790828,wiki_060037.txt,1.2870423602475203,wiki_038013.txt,-0.774315157846968,wiki_037937.txt,-3.977983341255038,wiki_037982.txt,-5.73738555779046,,,,,,,,,,,,,,,,,OUI
tfidf,qui est Nabokov ?,wiki_007873.txt,9.210291834345869,,,,,,,,,,,,,,,,,,,,,,,,,,,,,,,,,,,,,,,OUI
tfidf,Star Trek,wiki_048513.txt,16.085718296503632,wiki_003813.txt,5.9304597393759755,wiki_106059.txt,5.8143169467262865,wiki_050542.txt,5.552522336757182,wiki_101509.txt,3.703554522220728,wiki_068111.txt,3.584528580323141,wiki_105910.txt,3.22461359055925,wiki_081831.txt,2.2062974257289425,wiki_055426.txt,2.082647847059649,wiki_045290.txt,2.0801898151299456,wiki_086850.txt,0.69799604320059,wiki_047189.txt,0.6867756807323617,wiki_078238.txt,0.5177176544361978,wiki_006688.txt,0.49483745605139984,,,,,,,,,,,,,OUI
tfidf,serie star trek,wiki_048513.txt,19.12495156822905,wiki_050542.txt,7.24044936410637,wiki_003813.txt,6.93904395108904,wiki_106059.txt,5.812149794647972,wiki_101509.txt,4.797447100908536,wiki_068111.txt,3.5830076725258477,wiki_114986.txt,3.361802619139491,wiki_026884.txt,3.343709136603543,wiki_040239.txt,3.2758406208151842,wiki_032034.txt,3.268292377057829,wiki_105910.txt,3.2235124939236925,wiki_034516.txt,3.2026695091389508,wiki_069060.txt,3.1901115598107945,wiki_015867.txt,2.9634548037212336,wiki_092859.txt,2.9290123497784633,wiki_022546.txt,2.850178232861793,wiki_105088.txt,2.830377961317507,wiki_100286.txt,2.804153384346971,wiki_019254.txt,2.7752799382557014,wiki_088619.txt,2.6390245532731496,OUI
tfidf,patrick balkany,wiki_061802.txt,10.381166135757809,wiki_057452.txt,2.396669761548923,wiki_098126.txt,2.2891343990080166,wiki_099573.txt,2.2543072142900282,wiki_089965.txt,2.1712336288961804,wiki_063538.txt,2.1402731579179557,wiki_086839.txt,1.953592611938358,wiki_023659.txt,-0.13603337652555497,wiki_118018.txt,-0.3865532676852092,wiki_098390.txt,-1.843571575664683,wiki_069996.txt,-3.5484662193137755,,,,,,,,,,,,,,,,,,,OUI
tfidf,balkany levallois,wiki_061802.txt,11.069939002132259,wiki_074990.txt,2.7339327198430667,wiki_041790.txt,2.610621584236076,wiki_013271.txt,2.608189144246085,,,,,,,,,,,,,,,,,,,,,,,,,,,,,,,,,OUI
tfidf,pommes de terre,wiki_067668.txt,8.745035110482211,wiki_104549.txt,5.053858976270734,wiki_055790.txt,3.3096998942191562,wiki_042977.txt,2.97007816298833,wiki_055144.txt,2.804600955334024,wiki_066478.txt,2.7378136203559356,wiki_097797.txt,2.68880803217651,wiki_052194.txt,2.6469159252830674,wiki_043018.txt,2.578419659144635,wiki_039207.txt,2.516381884853657,wiki_055156.txt,2.2942380820042176,wiki_006625.txt,2.2695291914893705,wiki_069822.txt,2.215169108946381,wiki_088741.txt,2.1767245335585264,wiki_012966.txt,2.1661507104579227,wiki_064260.txt,2.1629724560817514,wiki_078765.txt,2.1521283234669824,wiki_021678.txt,2.1453635122743764,wiki_069459.txt,2.123133863408862,wiki_048058.txt,2.1098986002706113,OUI
tfidf,origine pommes de terre,wiki_067668.txt,8.74003971528406,wiki_104549.txt,5.0496071341697295,wiki_069459.txt,3.817455606469074,wiki_043018.txt,3.5583854586981674,wiki_055790.txt,3.3083524649839835,wiki_041805.txt,3.0934010945709005,wiki_042977.txt,2.9688724267633173,wiki_048052.txt,2.902606198099931,wiki_055144.txt,2.803423324530625,wiki_066478.txt,2.7367933708094543,wiki_097797.txt,2.6876155068726106,wiki_052194.txt,2.6458687434820276,wiki_039207.txt,2.5155107383834365,wiki_073990.txt,2.4708060147719104,wiki_064247.txt,2.4471990455484636,wiki_093324.txt,2.350912865503946,wiki_038967.txt,2.347918679330976,wiki_029670.txt,2.3217288751775707,wiki_068087.txt,2.3095970211161436,wiki_080719.txt,2.3051363808918124,OUI
tfidf,train à vapeur,wiki_028276.txt,6.801293852799717,wiki_039819.txt,4.802613912014259,wiki_067601.txt,3.980965486711879,wiki_012035.txt,3.3362765617687367,wiki_107414.txt,2.415756782152267,wiki_061329.txt,2.4073886006143814,wiki_075103.txt,2.356101861658568,wiki_077078.txt,2.279200190836627,wiki_065573.txt,2.261053779103392,wiki_077976.txt,2.225856323061974,wiki_077160.txt,2.2070970772894025,wiki_090864.txt,2.174243336491381,wiki_008302.txt,2.168503574666987,wiki_092828.txt,2.1661167692991237,wiki_055426.txt,2.1505077369085233,wiki_081130.txt,2.0745479143087855,wiki_078260.txt,1.769903234027358,wiki_060710.txt,0.5988423574812332,,,,,OUI
tfidf,locomotives à vapeur,wiki_028276.txt,8.786485176022156,wiki_034516.txt,7.654829395220848,wiki_061329.txt,4.944900394724001,wiki_039819.txt,4.7976634184536255,wiki_107414.txt,2.4129560793969884,wiki_075103.txt,2.353700517374741,wiki_067601.txt,2.206001870288425,wiki_077160.txt,2.2048527257058708,wiki_081130.txt,2.072661772236862,wiki_115057.txt,-1.1949634983902389,,,,,,,,,,,,,,,,,,,,,OUI
tfidf,bataille de france,wiki_049182.txt,4.104856187742009,wiki_112022.txt,3.9027519946884652,wiki_047808.txt,3.716396861627684,wiki_066109.txt,3.670254504237142,wiki_026343.txt,3.6537962774864607,wiki_059679.txt,3.6266867220487224,wiki_108542.txt,3.447596817132364,wiki_057344.txt,3.4229429443911767,wiki_056878.txt,3.3895570781414395,wiki_034138.txt,3.372452392994422,wiki_059255.txt,3.346008387030214,wiki_104422.txt,3.327817698002646,wiki_008741.txt,3.2991228750181625,wiki_071484.txt,3.237371154849421,wiki_027575.txt,3.2227674044245855,wiki_057839.txt,3.150056881313609,wiki_060037.txt,3.082535818101749,wiki_087764.txt,3.0461867000059897,wiki_076758.txt,3.00288936893722,wiki_067758.txt,2.8989495040202344,OUI
tfidf,quelle était la Bataille de France ?,wiki_066109.txt,4.6053983092016795,wiki_059679.txt,4.216570440844072,wiki_049182.txt,4.0794016273374405,wiki_104422.txt,4.0384487929965625,wiki_027575.txt,3.987351816137908,wiki_059255.txt,3.935210272843391,wiki_112022.txt,3.872733046016446,wiki_104435.txt,3.8013077356791696,wiki_072503.txt,3.7708896169565844,wiki_047808.txt,3.690588273693895,wiki_057839.txt,3.647630683042889,wiki_104221.txt,3.639719203629313,wiki_026343.txt,3.629031387485117,wiki_060037.txt,3.544846750656342,wiki_108542.txt,3.4263418464744353,wiki_057344.txt,3.399587087417487,wiki_056878.txt,3.370533145738396,wiki_034138.txt,3.344114156824404,wiki_008741.txt,3.2737340542690476,wiki_045876.txt,3.2524290865632723,OUI
tfidf,Serbie,wiki_062202.txt,6.40083196786518,wiki_006903.txt,4.4315405657028375,wiki_016534.txt,2.337919761527002,wiki_046703.txt,2.231264309756652,wiki_062625.txt,2.0726987307167413,wiki_099964.txt,2.0454384148776663,wiki_051584.txt,2.022723933226305,wiki_058256.txt,1.682371662055341,wiki_060037.txt,1.3196154817014847,wiki_058252.txt,0.5199594321918589,wiki_038014.txt,-0.5984877241596335,,,,,,,,,,,,,,,,,,,OUI
tfidf,république serbe,wiki_062202.txt,7.87545892584906,wiki_047643.txt,3.9280519848248963,wiki_005913.txt,3.8763583362607386,wiki_066072.txt,3.6625329643926863,wiki_015670.txt,3.491275261812762,wiki_066349.txt,3.30203090619912,wiki_077264.txt,3.1983132419480897,wiki_020536.txt,3.037860203246743,wiki_071169.txt,2.7263020378500715,wiki_072824.txt,2.6225849969691284,wiki_007563.txt,2.5026214906989526,wiki_090573.txt,2.267187345947682,wiki_006903.txt,2.1851285693424036,wiki_029454.txt,2.1569088766666797,wiki_062625.txt,2.1444518896708282,wiki_078684.txt,2.128727973174157,wiki_046965.txt,2.1254395690540746,wiki_010186.txt,2.1222327569241823,wiki_061218.txt,2.112161895320236,wiki_040560.txt,2.110104546538484,OUI
